discocabbage788,029222b0-1e18-4499-aecd-ad7e6f3569ba
golden_cookie,68f79230-e0eb-470a-88b6-9599b61aaa6e
whitewolf1923,3afd80aa-de32-417a-8178-d22b5deaa605
destro174,bfa6c180-c640-47bf-83c4-4b66ff7c5170
justsomeidcard,fdbd6451-9ccf-424b-ab2e-072e8f3d7247
__shadow_ninja__,7ea02eed-9cd6-428b-abaa-2b538b8df53c
_sudoyou,00000000-0000-0000-0009-01f9571c83d2
sudokou,244a663c-bc0a-465e-8697-0c00ca7c5906
viruscyrus,ae7c9d56-42e4-4d39-b4af-00dcf3d57b7e
claygoddesssari,b05b6caf-16a6-4a30-b2e1-1034e625ef87
ladysquid___,999bec33-0469-4d3a-baf7-bfa7a5103adb
sentrees,9b68bd26-4944-402b-9170-fe33ba066185
slender_mel,7313aeba-b8ef-404b-9413-b7632ea172ed
devilsmiata,8fe56606-408f-4b7c-8f2e-2769935f2bbd
badbird5907,5bd217f6-b89a-4064-a7f9-11733e8baafa
heathestus,60577695-2d7a-412f-ba33-675ea52b46e9
skate_dude123,ae551d35-610f-4261-ba70-a356c8ec0ebe
sudoyou,244a663c-bc0a-465e-8697-0c00ca7c5906
storooski,a9fd9487-3d5c-4250-ba07-411f6763d87b
